ajn;bmmm
1;4.519524353
2;4.929822511
3;6.798708314
4;5.390508391
5;5.529287735
6;7.195064987
7;6.020916206
8;4.374938765
9;5.033147148
10;5.35433803
11;7.104081797
12;6.319813827
13;6.440771451
14;6.230682716
15;5.644158865
16;8.066913137
17;6.857850478
18;4.473382843
19;7.221355902
20;6.127208592
